"file:///Volumes/Macintosh%20HD/Users/maxvonhippel/Documents/GEComponentExplorer/cur.css",""
"59 unused selectors",""
,
html.remodal-is-locked,7
.remodal,15
[data-remodal-id],15
.remodal-overlay,22
.remodal-wrapper,35
.remodal-wrapper::after,51
.remodal-overlay,62
.remodal-wrapper,62
.remodal,69
.remodal-is-initialized,77
.remodal-bg.remodal-is-opening,88
.remodal-bg.remodal-is-opened,88
.remodal-overlay,95
.remodal-overlay.remodal-is-opening,99
.remodal-overlay.remodal-is-closing,99
.remodal-overlay.remodal-is-opening,105
.remodal-overlay.remodal-is-closing,109
.remodal-wrapper,115
.remodal,121
.remodal.remodal-is-opening,133
.remodal.remodal-is-closing,133
.remodal.remodal-is-opening,139
.remodal.remodal-is-closing,143
.remodal,149
.remodal-wrapper::after,149
.remodal-close,156
.remodal-close:hover,179
.remodal-close:focus,179
.remodal-close::before,184
.remodal-confirm,203
.remodal-cancel,203
.remodal-confirm,224
.remodal-confirm:hover,229
.remodal-confirm:focus,229
.remodal-cancel,234
.remodal-cancel:hover,239
.remodal-cancel:focus,239
.remodal-confirm::-moz-focus-inner,246
.remodal-cancel::-moz-focus-inner,246
.remodal-close::-moz-focus-inner,246
.remodal,309
.lt-ie9 .remodal-overlay,317
.lt-ie9 .remodal,321
.remodal-overlay,326
.remodal,329
.remodal-bg.remodal-is-opening,335
.remodal-bg.remodal-is-opened,335
.remodal-overlay.remodal-is-opening,340
.remodal-overlay.remodal-is-closing,340
.remodal-overlay.remodal-is-opening,347
.remodal-overlay.remodal-is-closing,351
.remodal-overlay,389
.remodal,392
.remodal-bg.remodal-is-opening,398
.remodal-bg.remodal-is-opened,398
.remodal-overlay.remodal-is-opening,403
.remodal-overlay.remodal-is-closing,403
.remodal-overlay.remodal-is-opening,410
.remodal-overlay.remodal-is-closing,414
